mutation_id	ref_counts	var_counts	normal_cn	minor_cn	major_cn	total_cn	var_freq	cn_prevalence
NA18507,NA19240:AB:chr1:248224754	3917	781	2	1	1	2	0.1662409536	1
NA12156:BB:chr2:21263900	955	1746	2	0	2	2	0.6464272492	1
NA19240:BB:chr2:26502941	2581	888	2	0	2	2	0.2559815509	1
NA12156:AB:chr2:26699003	2305	1121	2	1	1	2	0.3272037361	1
NA12156:AB:chr2:33487873	2705	1533	2	1	1	2	0.3617272298	1
NA19240:BB:chr2:242192848	2793	712	2	0	2	2	0.2031383738	1
NA12156:AB:chr3:37053568	1265	629	2	1	1	2	0.3321013728	1
NA18507:BB:chr3:171969228	1470	196	2	0	2	2	0.1176470588	1
NA19240:AB:chr3:178927410	1713	175	2	1	1	2	0.092690678	1
NA12156,NA12878,NA18507,NA19240:BB:chr4:55141055	0	4682	2	0	2	2	1	1
NA12878,NA18507,NA19240:AB:chr4:55152040	1553	305	2	1	1	2	0.1641550054	1
NA18507:AB:chr4:88732911	3066	143	2	1	1	2	0.0445621689	1
NA12156:BB:chr4:88732918	958	2303	2	0	2	2	0.7062250843	1
NA19240:AB:chr5:112178995	2986	324	2	1	1	2	0.0978851964	1
NA12156:BB:chr5:137625228	905	1643	2	0	2	2	0.6448194662	1
NA12156:BB:chr7:796430	691	1507	2	0	2	2	0.6856232939	1
NA12878:AB:chr7:55268949	3077	62	2	1	1	2	0.0197515132	1
NA18507,NA19240:BB:chr7:116340269	2237	937	2	0	2	2	0.2952110901	1
NA12156:AB:chr7:116435768	2540	1313	2	1	1	2	0.3407734233	1
NA18507,NA19240:BB:chr9:5081780	2257	951	2	0	2	2	0.296446384	1
NA12878:BB:chr9:86278913	1760	60	2	0	2	2	0.032967033	1
NA12156:BB:chr9:100070351	1100	2130	2	0	2	2	0.6594427245	1
NA18507:AB:chr9:139393679	4662	239	2	1	1	2	0.048765558	1
NA12156,NA12878,NA18507,NA19240:BB:chr10:43613843	0	2180	2	0	2	2	1	1
NA19240:AB:chr11:18291395	3592	459	2	1	1	2	0.1133053567	1
NA12156:BB:chr11:117096652	1045	2004	2	0	2	2	0.6572646769	1
NA19240:BB:chr12:12332842	2272	677	2	0	2	2	0.2295693455	1
NA12156:AB:chr13:32906729	3324	1233	2	1	1	2	0.2705727452	1
NA18507:AB:chr13:32912733	2444	92	2	1	1	2	0.0362776025	1
NA12156,NA12878,NA18507,NA19240:BB:chr13:32913055	0	3074	2	0	2	2	1	1
NA18507:BB:chr14:21109726	3107	275	2	0	2	2	0.0813128326	1
NA12156:BB:chr16:4849705	1197	2802	2	0	2	2	0.7006751688	1
NA12878:AB:chr19:11227602	2673	13	2	1	1	2	0.0048399106	1
NA12878:BB:chr19:21131664	3366	123	2	0	2	2	0.0352536543	1
NA12156:AB:chr19:55494651	2455	1143	2	1	1	2	0.3176764869	1
NA18507:BB:chr22:32587251	1982	178	2	0	2	2	0.0824074074	1
NA12156:AB:chr22:32587302	1528	643	2	1	1	2	0.296176877	1
