mutation_id	ref_counts	var_counts	normal_cn	minor_cn	major_cn	total_cn	var_freq	cn_prevalence
NA18507,NA19240:AB:chr1:248224754	2735	2529	2	1	1	2	0.4804331307	1
NA12156:BB:chr2:21263900	3464	63	2	0	2	2	0.0178622058	1
NA19240:BB:chr2:26502941	1817	2907	2	0	2	2	0.6153683319	1
NA12156:AB:chr2:26699003	4601	33	2	1	1	2	0.0071212775	1
NA12156:AB:chr2:33487873	4484	18	2	1	1	2	0.003998223	1
NA19240:BB:chr2:242192848	1547	2656	2	0	2	2	0.6319295741	1
NA12156:AB:chr3:37053568	2276	17	2	1	1	2	0.0074138683	1
NA18507:BB:chr3:171969228	2057	1001	2	0	2	2	0.3273381295	1
NA19240:AB:chr3:178927410	1954	975	2	1	1	2	0.3328781154	1
NA12156,NA12878,NA18507,NA19240:BB:chr4:55141055	4	5299	2	0	2	2	0.99924571	1
NA12878,NA18507,NA19240:AB:chr4:55152040	1198	1145	2	1	1	2	0.488689714	1
NA18507:AB:chr4:88732911	3167	447	2	1	1	2	0.1236856669	1
NA12156:BB:chr4:88732918	3676	29	2	0	2	2	0.0078272605	1
NA19240:AB:chr5:112178995	2578	1269	2	1	1	2	0.3298674292	1
NA12156:BB:chr5:137625228	3360	36	2	0	2	2	0.0106007067	1
NA12156:BB:chr7:796430	2845	18	2	0	2	2	0.0062871114	1
NA12878:AB:chr7:55268949	4042	163	2	1	1	2	0.0387633769	1
NA18507,NA19240:BB:chr7:116340269	361	2901	2	0	2	2	0.8893316983	1
NA12156:AB:chr7:116435768	4861	26	2	1	1	2	0.0053202374	1
NA18507,NA19240:BB:chr9:5081780	344	3501	2	0	2	2	0.9105331599	1
NA12878:BB:chr9:86278913	2516	258	2	0	2	2	0.0930064888	1
NA12156:BB:chr9:100070351	4015	41	2	0	2	2	0.0101084813	1
NA18507:AB:chr9:139393679	4325	742	2	1	1	2	0.1464377344	1
NA12156,NA12878,NA18507,NA19240:BB:chr10:43613843	1	2884	2	0	2	2	0.9996533795	1
NA19240:AB:chr11:18291395	2887	1329	2	1	1	2	0.315227704	1
NA12156:BB:chr11:117096652	4016	37	2	0	2	2	0.0091290402	1
NA19240:BB:chr12:12332842	1659	2474	2	0	2	2	0.598596661	1
NA12156:AB:chr13:32906729	5171	8	2	1	1	2	0.0015446997	1
NA18507:AB:chr13:32912733	2721	404	2	1	1	2	0.12928	1
NA12156,NA12878,NA18507,NA19240:BB:chr13:32913055	0	3723	2	0	2	2	1	1
NA18507:BB:chr14:21109726	2667	1146	2	0	2	2	0.3005507474	1
NA12156:BB:chr16:4849705	4296	2	2	0	2	2	0.0004653327	1
NA12878:AB:chr19:11227602	3175	125	2	1	1	2	0.0378787879	1
NA12878:BB:chr19:21131664	3721	280	2	0	2	2	0.0699825044	1
NA12156:AB:chr19:55494651	4098	6	2	1	1	2	0.0014619883	1
NA18507:BB:chr22:32587251	2237	805	2	0	2	2	0.2646285339	1
NA12156:AB:chr22:32587302	3076	4	2	1	1	2	0.0012987013	1
