mutation_id	ref_counts	var_counts	normal_cn	minor_cn	major_cn	total_cn	var_freq	cn_prevalence
NA18507,NA19240:AB:chr1:248224754	2126	1333	2	1	1	2	0.3853714947	1
NA12156:BB:chr2:21263900	2022	84	2	0	2	2	0.0398860399	1
NA19240:BB:chr2:26502941	2740	29	2	0	2	2	0.010473095	1
NA12156:AB:chr2:26699003	2609	34	2	1	1	2	0.0128641695	1
NA12156:AB:chr2:33487873	2713	47	2	1	1	2	0.0170289855	1
NA19240:BB:chr2:242192848	2534	16	2	0	2	2	0.0062745098	1
NA12156:AB:chr3:37053568	1392	27	2	1	1	2	0.0190274841	1
NA18507:BB:chr3:171969228	494	1488	2	0	2	2	0.7507568113	1
NA19240:AB:chr3:178927410	1548	15	2	1	1	2	0.009596929	1
NA12156,NA12878,NA18507,NA19240:BB:chr4:55141055	0	2998	2	0	2	2	1	1
NA12878,NA18507,NA19240:AB:chr4:55152040	748	751	2	1	1	2	0.5010006671	1
NA18507:AB:chr4:88732911	1724	784	2	1	1	2	0.312599681	1
NA12156:BB:chr4:88732918	2505	56	2	0	2	2	0.0218664584	1
NA19240:AB:chr5:112178995	2772	6	2	1	1	2	0.0021598272	1
NA12156:BB:chr5:137625228	2088	44	2	0	2	2	0.0206378987	1
NA12156:BB:chr7:796430	1810	70	2	0	2	2	0.0372340426	1
NA12878:AB:chr7:55268949	2002	369	2	1	1	2	0.1556305356	1
NA18507,NA19240:BB:chr7:116340269	727	1879	2	0	2	2	0.721028396	1
NA12156:AB:chr7:116435768	2949	44	2	1	1	2	0.0147009689	1
NA18507,NA19240:BB:chr9:5081780	645	1545	2	0	2	2	0.7054794521	1
NA12878:BB:chr9:86278913	1216	426	2	0	2	2	0.2594397077	1
NA12156:BB:chr9:100070351	2240	47	2	0	2	2	0.0205509401	1
NA18507:AB:chr9:139393679	2070	1252	2	1	1	2	0.3768813967	1
NA12156,NA12878,NA18507,NA19240:BB:chr10:43613843	0	1762	2	0	2	2	1	1
NA19240:AB:chr11:18291395	2874	16	2	1	1	2	0.0055363322	1
NA12156:BB:chr11:117096652	2563	58	2	0	2	2	0.0221289584	1
NA19240:BB:chr12:12332842	2672	8	2	0	2	2	0.0029850746	1
NA12156:AB:chr13:32906729	3719	44	2	1	1	2	0.0116927983	1
NA18507:AB:chr13:32912733	1159	667	2	1	1	2	0.365279299	1
NA12156,NA12878,NA18507,NA19240:BB:chr13:32913055	0	2476	2	0	2	2	1	1
NA18507:BB:chr14:21109726	728	1843	2	0	2	2	0.7168416958	1
NA12156:BB:chr16:4849705	3244	111	2	0	2	2	0.0330849478	1
NA12878:AB:chr19:11227602	1819	266	2	1	1	2	0.1275779376	1
NA12878:BB:chr19:21131664	1999	608	2	0	2	2	0.2332182585	1
NA12156:AB:chr19:55494651	2662	51	2	1	1	2	0.0187983782	1
NA18507:BB:chr22:32587251	544	1275	2	0	2	2	0.7009345794	1
NA12156:AB:chr22:32587302	1809	22	2	1	1	2	0.0120152922	1
